{
  "prompt_v1_scores": {
    "faithfulness": 0.9688008658008659,
    "answer_relevancy": 0.9126701904658874,
    "context_recall": 1.0,
    "context_precision": 0.9449999999255835
  },
  "prompt_v2_scores": {
    "faithfulness": 0.9186515151515151,
    "answer_relevancy": 0.892396752754497,
    "context_recall": 1.0,
    "context_precision": 0.9416666665930833
  },
  "target_met": true
}