{
  "prompt_v1_scores": {
    "faithfulness": 0.9551414141414142,
    "answer_relevancy": 0.9152177654663777,
    "context_recall": 1.0,
    "context_precision": 0.94499999992625
  },
  "prompt_v2_scores": {
    "faithfulness": 0.917582251082251,
    "answer_relevancy": 0.8883444511407231,
    "context_recall": 1.0,
    "context_precision": 0.9416666665930835
  },
  "target_met": true
}